{
  "project_info": {
    "project_number": "822940769003",
    "firebase_url": "https://task2android-default-rtdb.firebaseio.com",
    "project_id": "task2android",
    "storage_bucket": "task2android.appspot.com"
  },
  "client": [
    {
      "client_info": {
        "mobilesdk_app_id": "1:822940769003:android:e711bef9212f7840a3fcae",
        "android_client_info": {
          "package_name": "com.example.task2_android"
        }
      },
      "oauth_client": [
        {
          "client_id": "822940769003-68rgpd6eh9u6jatp8k5jjevs4egm52vr.apps.googleusercontent.com",
          "client_type": 3
        }
      ],
      "api_key": [
        {
          "current_key": "AIzaSyALWarp0M-Ok4ea-bErrWU3fy20G9pIPA8"
        }
      ],
      "services": {
        "appinvite_service": {
          "other_platform_oauth_client": [
            {
              "client_id": "822940769003-68rgpd6eh9u6jatp8k5jjevs4egm52vr.apps.googleusercontent.com",
              "client_type": 3
            }
          ]
        }
      }
    },
    {
      "client_info": {
        "mobilesdk_app_id": "1:822940769003:android:e73ea6e17467ad3ba3fcae",
        "android_client_info": {
          "package_name": "com.example.wemap"
        }
      },
      "oauth_client": [
        {
          "client_id": "822940769003-68rgpd6eh9u6jatp8k5jjevs4egm52vr.apps.googleusercontent.com",
          "client_type": 3
        }
      ],
      "api_key": [
        {
          "current_key": "AIzaSyALWarp0M-Ok4ea-bErrWU3fy20G9pIPA8"
        }
      ],
      "services": {
        "appinvite_service": {
          "other_platform_oauth_client": [
            {
              "client_id": "822940769003-68rgpd6eh9u6jatp8k5jjevs4egm52vr.apps.googleusercontent.com",
              "client_type": 3
            }
          ]
        }
      }
    }
  ],
  "configuration_version": "1"
}